fecha_factura,ingreso_al_sistema,doc,documento,proveedor,documento_1,valor_base,valor_iva,valor_total,plazo,fecha_vencimiento,mes,ano,dias_cartera,rte_fuente,rte_ica,descuentos,rte_fuente_1,rte_ica_1,total_abonos,saldo_a_pagar,unnamed_21,unnamed_22,unnamed_23,unnamed_24,total_abonado,n_abonos,ultimo_abono,saldo_pendiente,dias_por_pagar,dias_vencido,tramo_aging
2025-10-10,2025-10-14,F,CR1900053645,Roma SA,0,3554930.0,0.0,3554930.0,45.0,2025-11-24,11.0,2025.0,0.0,NO,NO,,0.0,0.0,3527459.0,0.0,,,,,3527459.0,2.0,2025-11-21,27471.0,-239,239,vencida_>90
2025-10-10,2025-10-16,F,FI1100741609,Roma SA,0,6166716.0,0.0,6166716.0,45.0,2025-11-24,11.0,2025.0,0.0,NO,NO,,0.0,0.0,6119062.0,0.0,,,,,6119062.0,2.0,2025-11-21,47654.0,-239,239,vencida_>90
2025-10-11,2025-10-11,F,FAE3667,Diana Carolina Otalvaro,0,8893390.0,,8893390.0,45.0,2025-11-25,11.0,2025.0,0.0,SI,NO,,186835.9244,0.0,8706554.0,-0.01436974793,,,,,8706554.0,1.0,2025-11-22,186836.0,-238,238,vencida_>90
2025-10-15,2025-10-16,F,CC1800024204,Roma SA,0,6726512.0,211073.0,6937585.0,45.0,2025-11-29,11.0,2025.0,0.0,NO,NO,,0.0,0.0,6927566.0,0.0,,,,,6927566.0,3.0,2025-11-28,10019.0,-234,234,vencida_>90
2025-10-17,2025-10-17,F,FE1267,Grupo Family & Home,0,1835292.0,348705.0,2183997.0,60.0,2025-12-16,12.0,2025.0,0.0,SI,SI,,45882.3,14131.7484,2123983.0,-0.0484,,,,,2123983.0,2.0,2025-12-04,60014.0,-217,217,vencida_>90
2025-10-20,,F,FE3433,Fernando Chamorro,0,1370000.0,260300.0,1630300.0,0.0,2025-10-20,10.0,2025.0,0.0,SI,SI,,34250.0,6549.0,1589501.0,0.0,,,,,1589501.0,1.0,2025-11-18,40799.0,-274,274,vencida_>90
2025-10-28,2025-10-31,F,DRY532692,Softys,0,23986713.0,4557475.0,28544188.0,60.0,2025-12-27,12.0,2025.0,0.0,SI,NO,719602.0,599667.825,0.0,27224918.0,-0.02500000007,,,,,27224918.0,2.0,2025-12-24,1319270.0,-206,206,vencida_>90
2025-10-28,2025-10-31,F,FE7980,Infantiles ABBA,0,1474484.0,280151.0,1754635.0,30.0,2025-11-27,11.0,2025.0,0.0,SI,NO,73724.2,36862.1,0.0,1644050.0,-1.3,,,,,1644050.0,1.0,2024-11-12,110585.0,-236,236,vencida_>90
2025-10-28,2025-10-31,R,28996,Infantiles ABBA,0,1474484.0,0.0,1474484.0,30.0,2025-11-27,11.0,2025.0,0.0,SI,NO,73724.2,0.0,0.0,1400760.0,-0.2,,,,,1400760.0,1.0,2025-11-10,73724.0,-236,236,vencida_>90
2025-10-29,2025-10-31,F,FE7982,Infantiles ABBA,0,1151930.0,218866.0,1370796.0,30.0,2025-11-28,11.0,2025.0,0.0,SI,NO,57596.5,28798.25,0.0,1284402.0,-0.75,,,,,1284402.0,1.0,2025-11-12,86394.0,-235,235,vencida_>90
2025-10-29,2025-10-31,R,28998,Infantiles ABBA,0,1151930.0,0.0,1151930.0,30.0,2025-11-28,11.0,2025.0,0.0,SI,NO,57596.5,0.0,0.0,1094334.0,-0.5,,,,,1094334.0,1.0,2025-11-10,57596.0,-235,235,vencida_>90
2025-10-28,2025-10-31,R,28994,Infantiles ABBA,0,7560420.0,0.0,7560420.0,30.0,2025-11-27,11.0,2025.0,0.0,SI,NO,604833.6,0.0,0.0,6955586.0,-0.009999999977,,,,,6955586.0,1.0,2025-11-10,604834.0,-236,236,vencida_>90
2025-11-01,2025-11-05,F,FG7804,Laboratorio San Jorge SAS,0,6192096.0,180357.0,6372453.0,0.0,2025-11-01,11.0,2025.0,0.0,SI,SI,,154802.4,0.0,5885872.0,-0.4,,,,,5885872.0,1.0,,486581.0,-262,262,vencida_>90
2025-10-29,2025-11-11,F,FE1277,Grupo Family & Home,0,1633590.0,310382.0,1943972.0,60.0,2025-12-28,12.0,2025.0,0.0,SI,SI,,40839.75,12578.643,1890554.0,-0.393,,,,,1890554.0,1.0,2025-12-05,53418.0,-205,205,vencida_>90
2025-10-29,2025-11-11,F,FE2436,Grupo Family & Home,0,12529411.0,2380588.0,14909999.0,60.0,2025-12-28,12.0,2025.0,0.0,SI,SI,,313235.275,96476.4647,14500288.0,-0.7397,,,,,14500288.0,2.0,2025-12-10,409711.0,-205,205,vencida_>90
2025-11-12,2025-11-13,F,FG7962,Laboratorio San Jorge SAS,0,5293232.0,336701.0,5629933.0,0.0,2025-11-12,11.0,2025.0,0.0,SI,SI,,132330.8,0.0,5497602.0,0.0,,,,,5497602.0,1.0,2025-11-12,132331.0,-251,251,vencida_>90
2025-11-06,2025-11-30,R,6458,Diseños y Puntadas,0,1147500.0,0.0,1147500.0,30.0,2025-12-06,12.0,2025.0,0.0,SI,NO,,0.0,0.0,1147300.0,-1.0,,,,,1147300.0,1.0,2025-12-01,200.0,-227,227,vencida_>90
2025-11-13,2025-11-15,R,29111,Infantiles ABBA,0,1699600.0,0.0,1699600.0,30.0,2025-12-13,12.0,2025.0,0.0,SI,NO,135968.0,0.0,0.0,1563632.0,0.0,,,,,1563632.0,1.0,2024-11-25,135968.0,-220,220,vencida_>90
2025-11-13,2025-11-20,F,FE8043,Infantiles ABBA,0,7097211.0,1348470.0,8445681.0,30.0,2025-12-13,12.0,2025.0,0.0,SI,NO,354860.55,177430.275,0.0,7913391.0,-0.8250000001,,,,,7913391.0,1.0,2025-11-25,532290.0,-220,220,vencida_>90
2025-11-13,2025-11-20,R,29109,Infantiles ABBA,0,7372356.0,0.0,7372356.0,30.0,2025-12-13,12.0,2025.0,0.0,SI,NO,368617.8,0.0,0.0,7003739.0,-0.8,,,,,7003739.0,1.0,2025-11-25,368617.0,-220,220,vencida_>90
2025-11-20,2025-11-22,F,FG8176,Laboratorio San Jorge SAS,0,2658202.0,505058.0,3163260.0,0.0,2025-11-20,11.0,2025.0,0.0,SI,SI,,66455.05,20468.1554,3076298.0,-1.2054,,,,,3076298.0,1.0,2025-11-19,86962.0,-243,243,vencida_>90
2025-11-22,2025-11-24,F,DRY535795,Softys,0,18404324.0,3495822.0,21900146.0,60.0,2026-01-21,1.0,2026.0,0.0,SI,NO,552129.72,460108.1,0.0,20887915.0,-6.82,,,,,20887915.0,2.0,2026-01-20,1012231.0,-181,181,vencida_>90
2025-11-24,2025-11-27,F,FE2499,Grupo Family & Home,0,5541176.0,1052823.0,6593999.0,60.0,2026-01-23,1.0,2026.0,0.0,SI,SI,,138529.4,42667.0552,6412803.0,-0.4552,,,,,6412803.0,1.0,2026-02-05,181196.0,-179,179,vencida_>90
2025-11-24,2025-11-27,F,FE1313,Grupo Family & Home,0,4083987.0,775957.0,4859944.0,60.0,2026-01-23,1.0,2026.0,0.0,SI,SI,,102099.675,31446.6999,4726398.0,-0.3749,,,,,4726398.0,1.0,2026-02-05,133546.0,-179,179,vencida_>90
2025-11-25,2025-11-27,F,FE8108,Infantiles ABBA,0,4967328.0,943792.0,5911120.0,30.0,2025-12-25,12.0,2025.0,0.0,SI,NO,248366.4,124183.2,0.0,5538570.0,-0.1,,,,,5538570.0,1.0,2025-12-11,372550.0,-208,208,vencida_>90
2025-11-25,2025-11-27,R,29215,Infantiles ABBA,0,4967328.0,0.0,4967328.0,30.0,2025-12-25,12.0,2025.0,0.0,SI,NO,248366.4,0.0,0.0,4718961.0,-0.4,,,,,4718961.0,1.0,2025-12-06,248367.0,-208,208,vencida_>90
2025-11-25,2025-11-27,R,29222,Infantiles ABBA,0,1285900.0,,1285900.0,30.0,2025-12-25,12.0,2025.0,0.0,SI,NO,102872.0,0.0,0.0,1183020.0,0.0,,,,,1183020.0,1.0,2025-12-06,102880.0,-208,208,vencida_>90
2025-11-28,2025-11-28,F,DRY536644,Softys,0,24085779.0,4576298.0,28662077.0,60.0,2026-01-27,1.0,2026.0,0.0,SI,NO,722573.37,602144.475,0.0,27337359.0,-0.04499999997,,,,,27337359.0,2.0,2026-01-28,1324718.0,-175,175,vencida_>90
2025-11-30,2025-12-01,F,DRY537055,Softys,0,4414515.0,838758.0,5253273.0,60.0,2026-01-29,1.0,2026.0,0.0,SI,NO,132435.45,110362.875,0.0,5010475.0,-0.325,,,,,5010475.0,2.0,2026-01-28,242798.0,-173,173,vencida_>90
2025-11-28,2025-12-01,F,FG8331,Laboratorio San Jorge SAS,0,6540336.0,246523.0,6786859.0,0.0,2025-11-28,11.0,2025.0,0.0,SI,SI,,163508.4,50360.5872,6572990.0,-0.08720000003,"267497,1 descontar a san jorge en la proxima factura",,,,6572990.0,2.0,2025-11-27,213869.0,-235,235,vencida_>90
2025-12-03,2025-12-04,F,FG8434,Laboratorio San Jorge SAS,0,2847744.0,541071.0,3388815.0,0.0,2025-12-03,12.0,2025.0,0.0,SI,SI,,71193.6,21927.6288,3295694.0,-0.2288,,,,,3295694.0,1.0,2025-12-02,93121.0,-230,230,vencida_>90
2025-12-03,2025-12-04,R,29296,Infantiles ABBA,0,2909480.0,0.0,2909480.0,30.0,2026-01-02,1.0,2026.0,0.0,SI,NO,232758.4,0.0,0.0,2676721.0,-0.4,,,,,2676721.0,1.0,2025-12-06,232759.0,-200,200,vencida_>90
2025-12-03,2025-12-05,F,FE8161,Infantiles ABBA,0,1004925.0,190935.0,1195860.0,30.0,2026-01-02,1.0,2026.0,0.0,SI,NO,50246.25,25123.125,0.0,1120491.0,-0.375,,,,,1120491.0,1.0,2025-12-10,75369.0,-200,200,vencida_>90
2025-12-03,2025-12-05,R,29294,Infantiles ABBA,0,1013050.0,0.0,1013050.0,30.0,2026-01-02,1.0,2026.0,0.0,SI,NO,50652.5,0.0,0.0,962396.0,-0.5,,,,,962396.0,1.0,2025-12-06,50654.0,-200,200,vencida_>90
2025-11-29,2025-12-09,F,FA5812,Armaty,0,6629440.0,1259593.0,7889033.0,30.0,2025-12-29,12.0,2025.0,0.0,SI,NO,331472.0,165736.0,0.0,7391825.0,0.0,,,,,7391825.0,1.0,2026-02-05,497208.0,-204,204,vencida_>90
2025-12-11,2025-12-13,F,FE2540,Grupo Family & Home,0,15267226.0,2900772.0,18167998.0,60.0,2026-02-09,2.0,2026.0,0.0,SI,SI,,381680.65,117557.6402,17668760.0,-0.2902,,,,,17668760.0,1.0,2026-02-03,499238.0,-162,162,vencida_>90
2025-12-11,2025-12-13,F,FE1371,Grupo Family & Home,0,10890800.0,2069252.0,12960052.0,60.0,2026-02-09,2.0,2026.0,0.0,SI,SI,,272270.0,83859.16,12603923.0,-0.16,,,,,12603923.0,1.0,2026-01-28,356129.0,-162,162,vencida_>90
2025-12-11,2025-12-13,F,FE1372,Grupo Family & Home,0,940336.0,178663.0,1118999.0,60.0,2026-02-09,2.0,2026.0,0.0,SI,SI,,23508.4,7240.5872,1088250.0,-0.2872,,,,,1088250.0,1.0,2026-01-28,30749.0,-162,162,vencida_>90
2025-11-29,2025-12-15,F,FA5814,Armaty,0,1967160.0,373760.0,2340920.0,30.0,2025-12-29,12.0,2025.0,0.0,SI,NO,98358.0,49179.0,0.0,2193383.0,0.0,Llego a bodega el 15 de diciembre del 25,,,,2193383.0,1.0,2026-02-05,147537.0,-204,204,vencida_>90
2025-12-12,2025-12-15,F,FE8209,Infantiles ABBA,0,4113508.0,781566.0,4895074.0,30.0,2026-01-11,1.0,2026.0,0.0,SI,NO,205675.4,102837.7,0.0,4586560.0,-0.1,,,,,4586560.0,1.0,2026-01-02,308514.0,-191,191,vencida_>90
2025-12-12,2025-12-15,R,29368,Infantiles ABBA,0,4109472.0,0.0,4109472.0,30.0,2026-01-11,1.0,2026.0,0.0,SI,NO,205473.6,0.0,0.0,3903998.0,-0.1,,,,,3903998.0,1.0,2025-12-30,205474.0,-191,191,vencida_>90
2025-12-13,2025-12-15,F,DRY538883,Softys,0,21970017.0,4174303.0,26144320.0,60.0,2026-02-11,2.0,2026.0,0.0,SI,NO,659100.51,549250.425,0.0,24935969.0,-0.1350000001,,,,,24935969.0,2.0,2026-02-12,1208351.0,-160,160,vencida_>90
2025-12-17,2025-12-19,F,FG8734,Laboratorio San Jorge SAS,0,12028184.0,907919.0,12936103.0,0.0,2025-12-17,12.0,2025.0,0.0,SI,SI,,300704.6,92617.0168,12275284.0,-0.6168,-267497.6168,,,,12275284.0,1.0,2025-12-16,660819.0,-216,216,vencida_>90
2025-12-12,2025-12-17,F,FECR371,Comercializadora Tiernitos,0,724538.0,137662.0,862200.0,30.0,2026-01-11,1.0,2026.0,0.0,SI,SI,,18113.45,5578.9426,838508.0,-0.3926,,,,,838508.0,1.0,2026-01-13,23692.0,-191,191,vencida_>90
2025-12-19,2025-12-23,F,FV10032660,Bivien,0,19863735.0,3774109.0,23637844.0,45.0,2026-02-02,2.0,2026.0,0.0,NO,NO,,0.0,0.0,23637843.82,-0.0200000003,,,,,23637843.82,2.0,2026-02-03,0.18,-169,169,vencida_>90
2025-12-20,2025-12-23,F,DRY539671,Softys,0,41593094.0,7902588.0,49495682.0,60.0,2026-02-18,2.0,2026.0,0.0,SI,NO,1247793.0,1039827.35,0.0,47208161.0,-99.35,,,,,47208161.0,2.0,2026-02-19,2287521.0,-153,153,vencida_>90
2025-12-24,2025-12-27,F,FECR179595,Distribuidora Extra SAS,0,1524221.0,289602.0,1813823.0,30.0,2026-01-23,1.0,2026.0,0.0,SI,NO,,38105.525,0.0,1775717.0,-0.025,,,,,1775717.0,1.0,2025-12-24,38106.0,-179,179,vencida_>90
2025-12-27,2025-01-27,F,DRY540470,Softys,0,4208150.0,799549.0,5007699.0,60.0,2026-02-25,2.0,2026.0,0.0,SI,NO,126244.5,105203.75,0.0,4776251.0,-0.25,,,,,4776251.0,2.0,2026-02-26,231448.0,-146,146,vencida_>90
2025-12-27,2025-12-27,F,DRY540471,Softys,0,1187802.0,225682.0,1413484.0,60.0,2026-02-25,2.0,2026.0,0.0,SI,NO,35634.06,29695.05,0.0,1348155.0,-0.11,,,,,1348155.0,2.0,2026-02-26,65329.0,-146,146,vencida_>90
2026-01-13,2026-01-14,F,FE2595,Grupo Family & Home,0,2258823.0,429176.0,2687999.0,60.0,2026-03-14,3.0,2026.0,0.0,SI,SI,,56470.575,17392.9371,2614135.0,-0.0121,,,,,2614135.0,1.0,2026-03-11,73864.0,-129,129,vencida_>90
2026-01-09,2026-01-14,F,FE2594,Grupo Family & Home,0,11692940.0,2221658.0,13914598.0,60.0,2026-03-10,3.0,2026.0,0.0,SI,SI,,292323.5,90035.638,13532239.0,-0.138,,,,,13532239.0,1.0,2026-03-11,382359.0,-133,133,vencida_>90
2026-01-09,2026-01-14,R,3924,Grupo Family & Home,0,13914600.0,0.0,13914600.0,60.0,2026-03-10,3.0,2026.0,0.0,SI,SI,,0.0,0.0,13914600.0,0.0,,,,,13914600.0,1.0,2026-03-24,0.0,-133,133,pagada
2026-01-14,2026-01-16,F,PK15318,Praktiplas,0,28152320.0,5348940.0,33501260.0,10.0,2026-01-24,1.0,2026.0,0.0,SI,NO,,703808.0,0.0,32797452.0,0.0,,,,,32797452.0,1.0,2026-01-27,703808.0,-178,178,vencida_>90
2026-01-14,2026-01-16,F,BF662902,Tecnoquimicas,0,59592564.0,11012634.0,70605198.0,35.0,2026-02-18,2.0,2026.0,0.0,NO,NO,1631328.0,0.0,0.0,68973870.0,0.0,,,,,68973870.0,2.0,2026-02-14,1631328.0,-153,153,vencida_>90
2026-01-15,2026-01-16,F,FE8267,Infantiles ABBA,0,7277104.0,1382649.0,8659753.0,30.0,2026-02-14,2.0,2026.0,0.0,SI,NO,363855.2,181927.6,0.0,8113970.0,-0.1,,,,,8113970.0,1.0,2026-02-05,545783.0,-157,157,vencida_>90
2026-01-15,2026-01-16,R,29496,Infantiles ABBA,0,7277104.0,0.0,7277104.0,30.0,2026-02-14,2.0,2026.0,0.0,SI,NO,363855.2,0.0,0.0,6913249.0,-0.2,,,,,6913249.0,2.0,2026-02-03,363855.0,-157,157,vencida_>90
2026-01-20,2026-01-22,F,FG9102,Laboratorio San Jorge SAS,0,70688403.0,2180086.0,72868489.0,0.0,2026-01-20,1.0,2026.0,0.0,SI,SI,,1767210.075,544300.7031,70556978.0,-0.2781000002,,,,,70556978.0,2.0,2026-01-17,2311511.0,-182,182,vencida_>90
2026-01-15,2026-01-19,F,FE27418,Farmadisa,0,1108366.0,210590.0,1318956.0,60.0,2026-03-16,3.0,2026.0,0.0,NO,NO,,0.0,0.0,1318956.0,0.0,,,,,1318956.0,1.0,2026-03-16,0.0,-127,127,pagada
2026-01-18,2026-01-19,F,BF666450,Tecnoquimicas,0,26373087.0,5010886.0,31383973.0,35.0,2026-02-22,2.0,2026.0,0.0,NO,NO,,0.0,0.0,31383973.0,0.0,,,,,31383973.0,1.0,2026-02-17,0.0,-149,149,pagada
2026-01-19,2026-01-22,F,FE538414,Distribuidora Negociemos Pharma,0,4155186.0,0.0,4155186.0,0.0,2026-01-19,1.0,2026.0,0.0,SI,NO,,103879.65,0.0,4051306.0,-0.15,,,,,4051306.0,1.0,2026-01-20,103880.0,-183,183,vencida_>90
2026-01-13,2026-01-20,F,FV10033974,Bivien,0,24091074.0,4577304.0,28668378.0,45.0,2026-02-27,2.0,2026.0,0.0,NO,NO,,0.0,0.0,28668378.0,0.0,,,,,28668378.0,2.0,2026-03-03,0.0,-144,144,pagada
2026-01-19,2026-01-19,F,PK15333,Praktiplas,0,18612160.0,3536310.0,22148470.0,10.0,2026-01-29,1.0,2026.0,0.0,SI,NO,,465304.0,0.0,21683166.0,0.0,,,,,21683166.0,2.0,2026-02-03,465304.0,-173,173,vencida_>90
2026-01-19,2026-01-19,F,PK15332,Praktiplas,0,32092320.0,6097540.0,38189860.0,10.0,2026-01-29,1.0,2026.0,0.0,SI,NO,,802308.0,0.0,37387552.0,0.0,,,,,37387552.0,3.0,2026-02-12,802308.0,-173,173,vencida_>90
2026-01-19,2026-01-19,F,PK15335,Praktiplas,0,5920000.0,1124800.0,7044800.0,10.0,2026-01-29,1.0,2026.0,0.0,SI,NO,,148000.0,0.0,6896800.0,0.0,,,,,6896800.0,1.0,2026-01-27,148000.0,-173,173,vencida_>90
2026-01-20,2026-01-22,F,PK15343,Praktiplas,0,24372160.0,4630710.0,29002870.0,10.0,2026-01-30,1.0,2026.0,0.0,SI,NO,,609304.0,0.0,28393566.0,0.0,,,,,28393566.0,1.0,2026-02-06,609304.0,-172,172,vencida_>90
2026-01-20,2026-01-22,F,FE27422,Farmadisa,0,701912.0,133363.0,835275.0,60.0,2026-03-21,3.0,2026.0,0.0,NO,NO,,0.0,0.0,835275.0,0.0,,,,,835275.0,1.0,2026-03-16,0.0,-122,122,pagada
2026-01-20,2026-01-22,F,FECR373,Comercializadora Tiernitos,0,724506.0,137656.0,862162.0,30.0,2026-02-19,2.0,2026.0,0.0,SI,SI,,18112.65,5578.6962,838471.0,-0.3462,,,,,838471.0,1.0,2026-02-21,23691.0,-152,152,vencida_>90
2026-01-19,2026-01-22,R,6494,Diseños y Puntadas,0,730000.0,0.0,730000.0,30.0,2026-02-18,2.0,2026.0,0.0,SI,NO,,0.0,0.0,730000.0,0.0,,,,,730000.0,1.0,2026-02-24,0.0,-153,153,pagada
2026-01-22,2026-01-24,F,DRY542605,Softys,0,35801388.0,6802264.0,42603652.0,60.0,2026-03-23,3.0,2026.0,0.0,SI,NO,1074042.0,0.0,0.0,41529610.0,0.0,,,,,41529610.0,2.0,2026-03-30,1074042.0,-120,120,vencida_>90
2026-01-23,2026-01-25,F,BF672063,Tecnoquimicas,0,3585122.0,681173.0,4266295.0,35.0,2026-02-27,2.0,2026.0,0.0,NO,NO,,0.0,0.0,4266295.0,0.0,,,,,4266295.0,1.0,2026-02-24,0.0,-144,144,pagada
2026-01-27,2026-02-03,F,FU800619968,Comercializadora Multidrogas,0,9532300.0,0.0,9532300.0,45.0,2026-03-13,3.0,2026.0,0.0,NO,NO,500000.0,0.0,0.0,9031300.0,-1.0,,,,,9031300.0,2.0,2026-02-03,501000.0,-130,130,vencida_>90
2026-01-28,2026-02-02,F,FECR184904,Distribuidora Extra SAS,0,2532260.0,481129.0,3013389.0,30.0,2026-02-27,2.0,2026.0,0.0,SI,NO,,63306.5,0.0,2950083.0,-0.5,,,,,2950083.0,1.0,2026-01-28,63306.0,-144,144,vencida_>90
2026-01-28,2026-02-02,F,FECR184909,Distribuidora Extra SAS,0,2532260.0,481129.0,3013389.0,30.0,2026-02-27,2.0,2026.0,0.0,SI,NO,,63306.5,0.0,2950083.0,-0.5,,,,,2950083.0,1.0,2026-01-28,63306.0,-144,144,vencida_>90
2026-01-28,2026-02-02,F,FECR184915,Distribuidora Extra SAS,0,1484428.0,282041.0,1766469.0,30.0,2026-02-27,2.0,2026.0,0.0,SI,NO,,37110.7,0.0,1729358.0,0.0,,,,,1729358.0,1.0,2026-01-28,37111.0,-144,144,vencida_>90
2026-01-26,2026-01-29,F,CO366873,Option SA,0,2840880.0,0.0,2840880.0,0.0,2026-01-26,1.0,2026.0,0.0,NO,NO,,0.0,0.0,2840880.0,0.0,,,,,2840880.0,1.0,2026-01-28,0.0,-176,176,pagada
2026-01-27,2026-01-29,F,FV10035136,Bivien,0,721752.0,137132.0,858884.0,45.0,2026-03-13,3.0,2026.0,0.0,NO,NO,,0.0,0.0,858884.0,0.0,,,,,858884.0,1.0,2026-03-16,0.0,-130,130,pagada
2026-01-26,2026-01-29,F,FV10034967,Bivien,0,4344180.0,825394.0,5169574.0,45.0,2026-03-12,3.0,2026.0,0.0,NO,NO,,0.0,0.0,5169574.0,0.0,,,,,5169574.0,1.0,2026-03-16,0.0,-131,131,pagada
2026-01-22,2026-01-29,F,FV10034725,Bivien,0,7061162.0,1341620.0,8402782.0,45.0,2026-03-08,3.0,2026.0,0.0,NO,NO,,0.0,0.0,8402782.0,0.0,,,,,8402782.0,1.0,2026-03-16,0.0,-135,135,pagada
2026-01-22,2026-01-30,F,FV10034730,Bivien,0,27954018.0,5311263.0,33265281.0,45.0,2026-03-08,3.0,2026.0,0.0,NO,NO,,0.0,0.0,33265281.0,0.0,,,,,33265281.0,5.0,2026-03-16,0.0,-135,135,pagada
2026-01-28,2026-01-20,F,DRY543330,Softys,0,20130170.0,3824732.0,23954902.0,60.0,2026-03-29,3.0,2026.0,0.0,SI,NO,603905.0,0.0,0.0,23350997.0,0.0,,,,,23350997.0,2.0,2026-04-01,603905.0,-114,114,vencida_>90
2026-01-25,2026-02-02,F,BF678941,Tecnoquimicas,0,21987635.0,4177650.0,26165285.0,35.0,2026-03-01,3.0,2026.0,0.0,NO,NO,,0.0,0.0,26165285.0,0.0,,,,,26165285.0,1.0,2026-02-24,0.0,-142,142,pagada
2026-01-30,2026-02-02,F,CO367222,Option SA,0,2840880.0,0.0,2840880.0,0.0,2026-01-30,1.0,2026.0,0.0,NO,NO,,0.0,0.0,2840880.0,0.0,,,,,2840880.0,1.0,2026-01-29,0.0,-172,172,pagada
2026-01-28,2026-02-03,F,PK15410,Praktiplas,0,3909784.0,742858.0,4652642.0,10.0,2026-02-07,2.0,2026.0,0.0,SI,NO,,97744.6,0.0,4554897.0,-0.1,,,,,4554897.0,1.0,2026-02-12,97745.0,-164,164,vencida_>90
2026-01-22,2026-02-03,F,FA5980,Armaty,0,6885902.0,1308321.0,8194223.0,30.0,2026-02-21,2.0,2026.0,0.0,SI,NO,344295.1,172147.55,0.0,7677780.0,-0.1500000001,,,,,7677780.0,1.0,2026-02-21,516443.0,-150,150,vencida_>90
2026-01-30,2026-02-03,F,FE2630,Grupo Family & Home,0,12171428.0,2312571.0,14483999.0,60.0,2026-03-31,3.0,2026.0,0.0,SI,SI,,304285.7,93719.9956,14085993.0,-0.09560000002,,,,,14085993.0,1.0,2026-04-06,398006.0,-112,112,vencida_>90
2026-01-30,2026-02-03,R,3937,Grupo Family & Home,0,13320000.0,0.0,13320000.0,60.0,2026-03-31,3.0,2026.0,0.0,SI,SI,10485944.0,0.0,0.0,2834056.0,0.0,,,,,2834056.0,1.0,2026-04-24,10485944.0,-112,112,vencida_>90
2026-01-30,2026-02-03,R,432,Grupo Family & Home,0,5244000.0,0.0,5244000.0,60.0,2026-03-31,3.0,2026.0,0.0,SI,SI,,0.0,0.0,5244000.0,0.0,,,,,5244000.0,1.0,2026-04-10,0.0,-112,112,pagada
2026-01-24,2026-02-04,F,FV10034945,Bivien,0,20336148.0,3863868.0,24200016.0,45.0,2026-03-10,3.0,2026.0,0.0,NO,NO,,0.0,0.0,24200016.0,0.0,,,,,24200016.0,1.0,2026-03-20,0.0,-133,133,pagada
2026-02-03,2026-02-04,F,CR1900057931,Roma SA,0,998470.0,0.0,998470.0,45.0,2026-03-20,3.0,2026.0,0.0,NO,NO,,0.0,0.0,998470.0,0.0,,,,,998470.0,2.0,2026-03-20,0.0,-123,123,pagada
2026-02-05,2026-02-07,F,CR1900058027,Roma SA,0,8509095.0,0.0,8509095.0,45.0,2026-03-22,3.0,2026.0,0.0,NO,NO,,0.0,0.0,8509095.0,0.0,,,,,8509095.0,2.0,2026-03-20,0.0,-121,121,pagada
2026-01-30,2026-02-04,F,FE27440,Farmadisa,0,1413145.0,268498.0,1681643.0,60.0,2026-03-31,3.0,2026.0,0.0,NO,NO,,0.0,0.0,1681643.0,0.0,,,,,1681643.0,1.0,2026-03-31,0.0,-112,112,pagada
2026-02-05,2026-02-08,F,FE8350,Infantiles ABBA,0,3771035.0,716496.0,4487531.0,30.0,2026-03-07,3.0,2026.0,0.0,SI,NO,,94275.875,0.0,4393255.0,-0.075,,,,,4393255.0,1.0,2026-03-10,94276.0,-136,136,vencida_>90
2026-02-04,2026-02-08,R,29571,Infantiles ABBA,0,3771035.0,0.0,3771035.0,30.0,2026-03-06,3.0,2026.0,0.0,SI,NO,,0.0,0.0,3771035.0,0.0,,,,,3771035.0,1.0,2026-03-10,0.0,-137,137,pagada
2026-01-30,2026-02-10,F,PK15420,Praktiplas,0,2329600.0,442624.0,2772224.0,10.0,2026-02-09,2.0,2026.0,0.0,SI,NO,,58240.0,0.0,2713984.0,0.0,,,,,2713984.0,1.0,2026-02-12,58240.0,-162,162,vencida_>90
2026-02-06,2026-02-10,F,FE2661,Grupo Family & Home,0,7240335.0,1375663.0,8615998.0,60.0,2026-04-07,4.0,2026.0,0.0,SI,SI,,181008.375,55750.5795,8379239.0,-0.2545,,,,,8379239.0,1.0,2026-04-08,236759.0,-105,105,vencida_>90
2026-02-06,2026-02-10,F,FE1491,Grupo Family & Home,0,1043696.0,198302.0,1241998.0,60.0,2026-04-07,4.0,2026.0,0.0,SI,SI,,26092.4,8036.4592,1207869.0,-0.1592,,,,,1207869.0,1.0,2026-04-07,34129.0,-105,105,vencida_>90
2026-02-05,2026-02-10,R,3943,Grupo Family & Home,0,3702000.0,0.0,3702000.0,60.0,2026-04-06,4.0,2026.0,0.0,SI,SI,,0.0,0.0,3702000.0,0.0,,,,,3702000.0,1.0,2026-04-10,0.0,-106,106,pagada
2026-02-05,2026-02-10,F,FE2658,Grupo Family & Home,0,3037814.0,577184.0,3614998.0,60.0,2026-04-06,4.0,2026.0,0.0,SI,SI,,75945.35,23391.1678,3515661.0,-0.01780000001,,,,,3515661.0,1.0,2026-04-06,99337.0,-106,106,vencida_>90
2026-02-09,2026-02-10,F,PK15458,Praktiplas,0,7171584.0,1362600.0,8534184.0,10.0,2026-02-19,2.0,2026.0,0.0,SI,NO,,179289.6,0.0,8354894.0,-0.05000000001,,,,,8354894.0,1.0,2026-02-28,179290.0,-152,152,vencida_>90
2026-02-03,2026-02-11,F,BQ1400018784,Roma SA,0,2269250.0,0.0,2269250.0,45.0,2026-03-20,3.0,2026.0,0.0,NO,NO,,0.0,0.0,2269250.0,0.0,,,,,2269250.0,5.0,2026-03-20,0.0,-123,123,pagada
2026-02-03,2026-02-11,R,3940,Grupo Family & Home,0,554400.0,0.0,554400.0,60.0,2026-04-04,4.0,2026.0,0.0,SI,SI,,0.0,0.0,554400.0,0.0,,,,,554400.0,1.0,2026-04-10,0.0,-108,108,pagada
2026-02-04,2026-02-11,F,FV10035873,Bivien,0,10322451.0,1961266.0,12283717.0,45.0,2026-03-21,3.0,2026.0,0.0,NO,NO,,0.0,0.0,12283717.0,0.0,,,,,12283717.0,1.0,2026-03-26,0.0,-122,122,pagada
2026-02-11,2026-02-16,F,FV10036441,Bivien,0,26381960.0,5012572.0,31394532.0,45.0,2026-03-28,3.0,2026.0,0.0,NO,NO,,0.0,0.0,31394532.0,0.0,,,,,31394532.0,1.0,2026-04-01,0.0,-115,115,pagada
2026-02-16,2026-02-17,F,FE1531,Grupo Family & Home,0,1608402.0,305596.0,1913998.0,60.0,2026-04-17,4.0,2026.0,0.0,SI,SI,,40210.05,12384.6954,1861403.0,-0.0454,,,,,1861403.0,1.0,2026-04-07,52595.0,-95,95,vencida_>90
2026-02-14,2026-02-17,F,BF702231,Tecnoquimicas,0,17047448.0,3156658.0,20204106.0,35.0,2026-03-21,3.0,2026.0,0.0,NO,NO,1544244.0,0.0,0.0,18659862.0,0.0,,,,,18659862.0,2.0,2026-03-17,1544244.0,-122,122,vencida_>90
2026-02-14,2026-02-17,F,BF702246,Tecnoquimicas,0,9699235.0,1842854.0,11542089.0,35.0,2026-03-21,3.0,2026.0,0.0,NO,NO,,0.0,0.0,11542089.0,0.0,,,,,11542089.0,1.0,2026-03-17,0.0,-122,122,pagada
2026-02-13,2026-02-18,F,FU800623606,Comercializadora Multidrogas,0,20469032.0,218332.0,20687364.0,45.0,2026-03-30,3.0,2026.0,0.0,NO,NO,5000000.0,0.0,0.0,15687364.0,0.0,,,,,15687364.0,2.0,2026-05-21,5000000.0,-113,113,vencida_>90
2026-02-25,2026-02-28,F,FG9674,Laboratorio San Jorge SAS,0,60356122.0,3358504.0,63714626.0,0.0,2026-02-25,2.0,2026.0,0.0,SI,SI,,1508903.05,0.0,62205723.0,-0.05000000005,,,,,62205723.0,6.0,2026-02-25,1508903.0,-146,146,vencida_>90
2026-02-17,2026-02-20,F,DRY545807,Softys,0,15398750.0,2925763.0,18324513.0,60.0,2026-04-18,4.0,2026.0,0.0,SI,NO,461962.5,0.0,0.0,17862551.0,-0.5,,,,,17862551.0,5.0,2026-04-22,461962.0,-94,94,vencida_>90
2026-02-19,2026-02-20,R,6512,Diseños y Puntadas,0,1470000.0,0.0,1470000.0,30.0,2026-03-21,3.0,2026.0,0.0,SI,NO,,0.0,0.0,1470000.0,0.0,,,,,1470000.0,1.0,2026-03-21,0.0,-122,122,pagada
2026-02-17,2026-02-20,F,FV10036977,Bivien,0,17662575.0,3355889.0,21018464.0,45.0,2026-04-03,4.0,2026.0,0.0,NO,NO,,0.0,0.0,21018464.0,0.0,,,,,21018464.0,1.0,2026-04-06,0.0,-109,109,pagada
2026-02-19,2026-02-23,F,BF708722,Tecnoquimicas,0,3236355.0,614907.0,3851262.0,35.0,2026-03-26,3.0,2026.0,0.0,NO,NO,,0.0,0.0,3851262.0,0.0,,,,,3851262.0,1.0,2026-03-17,0.0,-117,117,pagada
2026-02-21,2026-02-25,R,438,Grupo Family & Home,0,1530000.0,0.0,1530000.0,60.0,2026-04-22,4.0,2026.0,0.0,SI,SI,,0.0,0.0,1530000.0,0.0,,,,,1530000.0,1.0,2026-04-24,0.0,-90,90,pagada
2026-02-21,2026-02-25,F,FE1534,Grupo Family & Home,0,1512590.0,287392.0,1799982.0,60.0,2026-04-22,4.0,2026.0,0.0,SI,SI,,37814.75,11646.943,1750520.0,-0.093,,,,,1750520.0,1.0,2026-04-22,49462.0,-90,90,vencida_61-90
2026-02-21,2026-02-25,R,3948,Grupo Family & Home,0,13665600.0,0.0,13665600.0,60.0,2026-04-22,4.0,2026.0,0.0,SI,SI,,0.0,0.0,13665600.0,0.0,,,,,13665600.0,1.0,2026-05-02,0.0,-90,90,pagada
2026-02-21,2026-02-25,F,FE2693,Grupo Family & Home,0,11356638.0,2157761.0,13514399.0,60.0,2026-04-22,4.0,2026.0,0.0,SI,SI,,283915.95,87446.1126,13143037.0,-0.06260000002,,,,,13143037.0,1.0,2026-04-24,371362.0,-90,90,vencida_61-90
2026-02-23,2026-02-25,F,FE1538,Grupo Family & Home,0,2964687.0,563290.0,3527977.0,60.0,2026-04-24,4.0,2026.0,0.0,SI,SI,,74117.175,22828.0899,3431032.0,-0.2649,,,,,3431032.0,1.0,2026-04-22,96945.0,-88,88,vencida_61-90
2026-02-23,2026-02-25,F,FE2696,Grupo Family & Home,0,15948403.0,3030196.0,18978599.0,60.0,2026-04-24,4.0,2026.0,0.0,SI,SI,,398710.075,122802.7031,18457086.0,-0.07810000001,,,,,18457086.0,1.0,2026-04-29,521513.0,-88,88,vencida_61-90
2026-02-18,2026-02-28,R,29632,Infantiles ABBA,0,4308630.0,0.0,4308630.0,30.0,2026-03-20,3.0,2026.0,0.0,SI,NO,215431.5,0.0,0.0,4093199.0,-0.5,,,,,4093199.0,1.0,2026-03-10,215431.0,-123,123,vencida_>90
2026-02-18,2026-02-28,F,FE8387,Infantiles ABBA,0,4308630.0,818639.0,5127269.0,30.0,2026-03-20,3.0,2026.0,0.0,SI,NO,215431.5,107715.75,0.0,4804122.0,-0.25,,,,,4804122.0,2.0,2026-03-17,323147.0,-123,123,vencida_>90
2026-02-21,2026-02-28,F,FV10037415,Bivien,0,41469120.0,7879132.0,49348252.0,45.0,2026-04-07,4.0,2026.0,0.0,NO,NO,,0.0,0.0,49348252.0,0.0,,,,,49348252.0,3.0,2026-04-13,0.0,-105,105,pagada
2026-02-22,2026-03-02,F,BF715621,Tecnoquimicas,0,29984181.0,5597553.0,35581734.0,35.0,2026-03-29,3.0,2026.0,0.0,NO,NO,,0.0,0.0,35581734.0,0.0,,,,,35581734.0,1.0,2026-03-30,0.0,-114,114,pagada
2026-02-02,2026-03-02,F,IN7966,Inversiones Metropolitana SA,0,993146.0,0.0,993146.0,0.0,2026-02-02,2.0,2026.0,0.0,,,,0.0,0.0,993146.0,0.0,,,,,993146.0,1.0,2026-03-03,0.0,-169,169,pagada
2026-03-02,2026-03-02,F,IN8059,Inversiones Metropolitana SA,0,1141515.0,0.0,1141515.0,0.0,2026-03-02,3.0,2026.0,0.0,,,,0.0,0.0,1141515.0,0.0,,,,,1141515.0,1.0,2026-03-24,0.0,-141,141,pagada
2026-02-26,2026-03-02,F,DRY547013,Softys,0,30321865.0,5761154.0,36083019.0,60.0,2026-04-27,4.0,2026.0,0.0,SI,NO,909656.0,0.0,0.0,35173363.0,0.0,,,,,35173363.0,2.0,2026-05-05,909656.0,-85,85,vencida_61-90
2026-02-25,2026-03-03,F,FA6115,Armaty,0,4806690.0,913271.0,5719961.0,30.0,2026-03-27,3.0,2026.0,0.0,SI,NO,240334.5,120167.25,0.0,5359459.0,-0.05,,,,,5359459.0,1.0,2026-03-27,360502.0,-116,116,vencida_>90
2026-03-03,2026-03-04,F,FEP71878,Premium Trading SAS,0,6050421.0,1149579.0,7200000.0,0.0,2026-03-03,3.0,2026.0,0.0,NO,NO,,0.0,0.0,7200000.0,0.0,,,,,7200000.0,1.0,2026-03-07,0.0,-140,140,pagada
2026-02-26,2026-03-06,F,PK15584,Praktiplas,0,7285330.0,1384212.0,8669542.0,10.0,2026-03-08,3.0,2026.0,0.0,SI,NO,,182133.25,0.0,8487409.0,-0.25,,,,,8487409.0,1.0,2026-03-18,182133.0,-135,135,vencida_>90
2026-03-03,2026-03-06,F,BF724177,Tecnoquimicas,0,3920256.0,744848.0,4665104.0,35.0,2026-04-07,4.0,2026.0,0.0,NO,NO,,0.0,0.0,4665104.0,0.0,,,,,4665104.0,1.0,2026-04-06,0.0,-105,105,pagada
2026-02-26,2026-03-06,F,PK15583,Praktiplas,0,17701375.0,3363261.0,21064636.0,10.0,2026-03-08,3.0,2026.0,0.0,SI,NO,,442534.375,0.0,20622102.0,-0.375,,,,,20622102.0,1.0,2026-03-18,442534.0,-135,135,vencida_>90
2026-03-05,2026-03-06,R,6741,Forros para Coche,0,1242000.0,0.0,1242000.0,0.0,2026-03-05,3.0,2026.0,0.0,NO,NO,,0.0,0.0,1242000.0,0.0,,,,,1242000.0,1.0,2026-04-27,0.0,-138,138,pagada
2026-03-05,2026-03-09,F,FV10038546,Bivien,0,20939682.0,3978539.0,24918221.0,45.0,2026-04-19,4.0,2026.0,0.0,NO,NO,3275597.0,0.0,0.0,21642624.0,0.0,,,,,21642624.0,1.0,2026-04-27,3275597.0,-93,93,vencida_>90
2026-02-28,2026-03-09,F,PK15614,Praktiplas,0,6700800.0,1273152.0,7973952.0,10.0,2026-03-10,3.0,2026.0,0.0,SI,NO,,167520.0,0.0,7806432.0,0.0,,,,,7806432.0,1.0,2026-03-18,167520.0,-133,133,vencida_>90
2026-03-08,2026-03-10,F,BF731624,Tecnoquimicas,0,25096957.0,4686064.0,29783021.0,35.0,2026-04-12,4.0,2026.0,0.0,NO,NO,,0.0,0.0,29783021.0,0.0,,,,,29783021.0,1.0,2026-04-13,0.0,-100,100,pagada
2026-02-28,2026-03-08,F,FU800626078,Comercializadora Multidrogas,0,32091080.0,0.0,32091080.0,45.0,2026-04-14,4.0,2026.0,0.0,NO,NO,,0.0,0.0,32091080.0,0.0,,,,,32091080.0,3.0,2026-05-21,0.0,-98,98,pagada
2026-03-11,2026-03-15,R,6531,Diseños y Puntadas,0,474000.0,0.0,474000.0,30.0,2026-04-10,4.0,2026.0,0.0,SI,NO,,0.0,0.0,474000.0,0.0,,,,,474000.0,1.0,2026-04-27,0.0,-102,102,pagada
2026-03-10,2026-03-15,R,29732,Infantiles ABBA,0,6899055.0,0.0,6899055.0,30.0,2026-04-09,4.0,2026.0,0.0,SI,NO,,0.0,0.0,6899055.0,0.0,,,,,6899055.0,1.0,2026-04-04,0.0,-103,103,pagada
2026-03-10,2026-03-15,F,FE8456,Infantiles ABBA,0,6860705.0,1303533.0,8164238.0,30.0,2026-04-09,4.0,2026.0,0.0,SI,NO,343035.25,171517.625,0.0,7649685.0,-0.075,,,,,7649685.0,1.0,2026-03-17,514553.0,-103,103,vencida_>90
2026-02-26,2026-03-03,F,FV10037899,Bivien,0,41469120.0,7879132.0,49348252.0,45.0,2026-04-12,4.0,2026.0,0.0,NO,NO,3673582.0,0.0,0.0,45674670.0,0.0,,,,,45674670.0,1.0,2026-04-20,3673582.0,-100,100,vencida_>90
2026-03-15,2026-03-17,F,BF740688,Tecnoquimicas,0,29204056.0,5548770.0,34752826.0,35.0,2026-04-19,4.0,2026.0,0.0,NO,NO,,0.0,0.0,34752826.0,0.0,,,,,34752826.0,1.0,2026-04-20,0.0,-93,93,pagada
2026-03-09,2026-03-17,F,PK15649,Praktiplas,0,2931948.0,557070.0,3489018.0,10.0,2026-03-19,3.0,2026.0,0.0,SI,NO,,73298.7,0.0,3415719.0,-0.1,,,,,3415719.0,1.0,2026-03-27,73299.0,-124,124,vencida_>90
2026-03-12,2026-03-17,F,PK15658,Praktiplas,0,7271208.0,1381529.0,8652737.0,10.0,2026-03-22,3.0,2026.0,0.0,SI,NO,,181780.2,0.0,8470957.0,-0.2,,,,,8470957.0,1.0,2026-03-27,181780.0,-121,121,vencida_>90
2026-03-14,2026-03-17,F,PK15682,Praktiplas,0,31633079.0,6010285.0,37643364.0,10.0,2026-03-24,3.0,2026.0,0.0,SI,NO,,790826.975,0.0,36852537.0,-0.2750000001,,,,,36852537.0,3.0,2026-04-13,790827.0,-119,119,vencida_>90
2026-03-18,2026-03-27,F,FE561117,Distribuidora Negociemos Pharma,0,11561445.0,0.0,11561445.0,0.0,2026-03-18,3.0,2026.0,0.0,SI,NO,,289036.125,0.0,11272409.0,-0.125,,,,,11272409.0,1.0,2026-03-18,289036.0,-125,125,vencida_>90
2026-03-12,2026-03-18,F,FV10039205,Bivien,0,18029520.0,3425608.0,21455128.0,45.0,2026-04-26,4.0,2026.0,0.0,NO,NO,,0.0,0.0,21455128.0,0.0,,,,,21455128.0,1.0,2026-05-08,0.0,-86,86,pagada
2026-03-11,2026-03-19,F,DRY548654,Softys,0,26878774.0,5106967.0,31985741.0,60.0,2026-05-10,5.0,2026.0,0.0,SI,NO,806363.0,0.0,0.0,31179378.0,0.0,,,,,31179378.0,2.0,2026-05-19,806363.0,-72,72,vencida_61-90
2026-03-17,2026-03-25,F,FE2752,Grupo Family & Home,0,24874284.0,4726114.0,29600398.0,60.0,2026-05-16,5.0,2026.0,0.0,SI,SI,,621857.1,191531.9868,28787009.0,-0.08679999999,,,,,28787009.0,1.0,2026-05-22,813389.0,-66,66,vencida_61-90
2026-03-17,2026-03-25,F,FE1567,Grupo Family & Home,0,2571400.0,488566.0,3059966.0,60.0,2026-05-16,5.0,2026.0,0.0,SI,SI,,64285.0,19799.78,2975881.0,-0.08,,,,,2975881.0,1.0,2026-05-15,84085.0,-66,66,vencida_61-90
2026-03-24,2025-03-25,R,3979,Grupo Family & Home,3979,14664000.0,0.0,14664000.0,60.0,2026-05-23,5.0,2026.0,119.0,SI,SI,,0.0,0.0,3237000.0,11427000.0,,,,,3237000.0,4.0,2026-07-14,11427000.0,-59,59,vencida_31-60
2026-03-24,2026-03-25,R,3982,Grupo Family & Home,0,280800.0,0.0,280800.0,60.0,2026-05-23,5.0,2026.0,0.0,SI,SI,,0.0,0.0,280800.0,0.0,,,,,280800.0,1.0,2027-06-01,0.0,-59,59,pagada
2026-03-20,2026-03-25,R,444,Grupo Family & Home,0,5310000.0,0.0,5310000.0,60.0,2026-05-19,5.0,2026.0,0.0,SI,SI,,0.0,0.0,5310000.0,0.0,,,,,5310000.0,1.0,2026-06-06,0.0,-63,63,pagada
2026-03-18,2026-03-25,F,FU800629517,Comercializadora Multidrogas,0,19645240.0,0.0,19645240.0,45.0,2026-05-02,5.0,2026.0,0.0,NO,NO,,0.0,0.0,19645240.0,0.0,,,,,19645240.0,4.0,2026-05-21,0.0,-80,80,pagada
2026-03-20,2026-03-26,R,29780,Infantiles ABBA,0,4926675.0,0.0,4926675.0,30.0,2026-04-19,4.0,2026.0,0.0,SI,NO,246333.75,0.0,0.0,4680341.0,-0.05,,,,,4680341.0,1.0,2026-04-04,246334.0,-93,93,vencida_>90
2026-03-25,2026-03-27,F,BF752104,Tecnoquimicas,0,32661519.0,6205688.0,38867207.0,35.0,2026-04-29,4.0,2026.0,0.0,NO,NO,,0.0,0.0,38867207.0,0.0,,,,,38867207.0,1.0,2026-04-29,0.0,-83,83,pagada
2026-03-27,2026-03-27,F,6539,Diseños y Puntadas,0,1944000.0,0.0,1944000.0,30.0,2026-04-26,4.0,2026.0,0.0,SI,NO,,48600.0,0.0,1944000.0,-48600.0,,,,,1944000.0,1.0,2026-04-27,0.0,-86,86,pagada
2026-03-24,2026-03-27,F,FV10040132,Bivien,0,4811340.0,914154.0,5725494.0,45.0,2026-05-08,5.0,2026.0,0.0,NO,NO,,0.0,0.0,5725494.0,0.0,,,,,5725494.0,1.0,2026-05-15,0.0,-74,74,pagada
2026-03-20,2026-03-27,F,FE8510,Infantiles ABBA,0,4926675.0,936068.0,5862743.0,30.0,2026-04-19,4.0,2026.0,0.0,SI,NO,,123166.875,0.0,5739576.0,-0.175,,,,,5739576.0,1.0,2026-04-20,123167.0,-93,93,vencida_>90
2026-03-21,2026-03-28,F,DRY549815,Softys,0,22038245.0,4187257.0,26225502.0,60.0,2026-05-20,5.0,2026.0,0.0,SI,NO,661147.35,0.0,0.0,25564355.0,-0.35,,,,,25564355.0,2.0,2026-05-26,661147.0,-62,62,vencida_61-90
2026-03-21,2026-03-29,F,DRY549817,Softys,0,3914440.0,743744.0,4658184.0,60.0,2026-05-20,5.0,2026.0,0.0,SI,NO,117433.2,0.0,0.0,4540751.0,-0.2,,,,,4540751.0,2.0,2026-05-26,117433.0,-62,62,vencida_61-90
2026-03-21,2026-03-29,F,DRY549816,Softys,0,333464.0,63358.0,396822.0,60.0,2026-05-20,5.0,2026.0,0.0,SI,NO,10003.92,0.0,0.0,386818.0,-0.22,,,,,386818.0,2.0,2026-05-26,10004.0,-62,62,vencida_61-90
2026-03-23,2026-03-29,F,FV10040114,Bivien,0,22988148.0,4367748.0,27355896.0,45.0,2026-05-07,5.0,2026.0,0.0,NO,NO,,0.0,0.0,27355896.0,0.0,,,,,27355896.0,1.0,2026-05-15,0.0,-75,75,pagada
2026-03-26,2026-03-30,F,FA6238,Armaty,0,7675538.0,1458352.0,9133890.0,30.0,2026-04-25,4.0,2026.0,0.0,SI,NO,383776.9,191888.45,0.0,8558225.0,-0.35,,,,,8558225.0,2.0,2026-04-27,575665.0,-87,87,vencida_61-90
2026-03-31,2026-04-07,F,FG10246,Laboratorio San Jorge SAS,0,16847769.0,1457054.0,18304823.0,0.0,2026-03-31,3.0,2026.0,0.0,SI,SI,,421194.225,0.0,17883630.0,-1.225,,,,,17883630.0,1.0,2026-03-31,421193.0,-112,112,vencida_>90
2026-03-31,2026-03-31,F,FE2805,Grupo Family & Home,0,1152605.0,218994.0,1371599.0,60.0,2026-05-30,5.0,2026.0,0.0,SI,SI,,28815.125,8875.0585,1333909.0,-0.1835,,,,,1333909.0,1.0,2026-05-26,37690.0,-52,52,vencida_31-60
2026-03-31,2026-03-31,F,FE2802,Grupo Family & Home,0,3146218.0,597781.0,3743999.0,60.0,2026-05-30,5.0,2026.0,0.0,SI,SI,,78655.45,24225.8786,3641118.0,-0.3286,,,,,3641118.0,1.0,2026-05-26,102881.0,-52,52,vencida_31-60
2026-03-24,2026-03-31,F,FV10040130,Bivien,0,24139983.0,4586597.0,28726580.0,45.0,2026-05-08,5.0,2026.0,0.0,NO,NO,,0.0,0.0,28726580.0,0.0,,,,,28726580.0,1.0,2026-05-19,0.0,-74,74,pagada
2026-03-26,2026-04-05,F,FU800630780,Comercializadora Multidrogas,0,40278226.0,191578.0,40469804.0,45.0,2026-05-10,5.0,2026.0,0.0,NO,NO,,0.0,0.0,40469804.0,0.0,,,,,40469804.0,4.0,2026-05-21,0.0,-72,72,pagada
2026-03-31,2026-04-07,F,FA6261,Armaty,0,451608.72,85805.0,537413.72,30.0,2026-04-30,4.0,2026.0,0.0,SI,NO,,0.0,0.0,537414.0,-0.28,,,,,537414.0,1.0,2026-04-27,-0.28,-82,82,pagada
2026-03-29,2026-04-07,F,FV10040801,Bivien,0,21157860.0,4019993.0,25177853.0,45.0,2026-05-13,5.0,2026.0,0.0,NO,NO,,0.0,0.0,25177853.0,0.0,,,,,25177853.0,1.0,2026-05-26,0.0,-69,69,pagada
2026-04-01,2026-04-07,F,BF761914,Tecnoquimicas,0,6533760.0,1241414.0,7775174.0,35.0,2026-05-06,5.0,2026.0,0.0,NO,NO,83301.0,0.0,0.0,7691873.0,0.0,,,,,7691873.0,2.0,2026-05-11,83301.0,-76,76,vencida_61-90
2026-03-28,2026-04-07,F,BF757907,Tecnoquimicas,0,33092264.0,6142075.0,39234339.0,35.0,2026-05-02,5.0,2026.0,0.0,NO,NO,,0.0,0.0,39234339.0,0.0,,,,,39234339.0,2.0,2026-05-05,0.0,-80,80,pagada
2026-03-27,2026-04-09,F,FI1100784181,Roma SA,0,5871420.0,0.0,5871420.0,45.0,2026-05-11,5.0,2026.0,0.0,NO,NO,,0.0,0.0,5871420.0,0.0,,,,,5871420.0,3.0,2026-05-21,0.0,-71,71,pagada
2026-04-07,2026-04-09,F,FA500831191,Roma SA,0,818547.0,155524.0,974071.0,45.0,2026-05-22,5.0,2026.0,0.0,NO,NO,,0.0,0.0,974071.0,0.0,,,,,974071.0,2.0,2026-05-21,0.0,-60,60,pagada
2026-04-09,2026-04-12,F,FE8552,Infantiles ABBA,0,6865285.0,1304404.0,8169689.0,30.0,2026-05-09,5.0,2026.0,0.0,SI,NO,,171632.125,0.0,7998057.0,-0.125,,,,,7998057.0,1.0,2026-05-15,171632.0,-73,73,vencida_61-90
2026-04-09,2026-04-12,R,6544,Diseños y Puntadas,0,1154000.0,0.0,1154000.0,30.0,2026-05-09,5.0,2026.0,0.0,SI,NO,,0.0,0.0,1154000.0,0.0,,,,,1154000.0,1.0,2026-05-29,0.0,-73,73,pagada
2026-04-09,2026-04-12,R,29854,Infantiles ABBA,0,6865285.0,0.0,6865285.0,30.0,2026-05-09,5.0,2026.0,0.0,SI,NO,,0.0,0.0,6865285.0,0.0,,,,,6865285.0,1.0,,0.0,-73,73,pagada
2026-03-26,2026-04-13,F,PK15746,Praktiplas,0,4144260.0,787409.0,4931669.0,10.0,2026-04-05,4.0,2026.0,0.0,SI,NO,,103606.5,0.0,4828063.0,-0.5,,,,,4828063.0,1.0,2026-04-19,103606.0,-107,107,vencida_>90
2026-03-26,2026-04-13,F,PK15745,Praktiplas,0,32250568.0,6127607.0,38378175.0,10.0,2026-04-05,4.0,2026.0,0.0,SI,NO,,806264.2,0.0,37571911.0,-0.2000000001,,,,,37571911.0,3.0,2026-05-05,806264.0,-107,107,vencida_>90
2026-04-07,2026-04-15,F,FE2832,Grupo Family & Home,0,20243696.0,3846302.0,24089998.0,60.0,2026-06-06,6.0,2026.0,0.0,SI,SI,,506092.4,155876.4592,23428029.0,-0.05920000004,,,,,23428029.0,1.0,2026-06-06,661969.0,-45,45,vencida_31-60
2026-04-07,2026-04-15,F,FE1619,Grupo Family & Home,0,4628610.0,879435.0,5508045.0,60.0,2026-06-06,6.0,2026.0,0.0,SI,SI,,115715.25,35640.297,5356689.0,-0.047,,,,,5356689.0,1.0,2025-06-01,151356.0,-45,45,vencida_31-60
2026-04-14,2026-04-16,F,BF774731,Tecnoquimicas,0,20640903.0,3848565.0,24489468.0,35.0,2026-05-19,5.0,2026.0,0.0,NO,NO,11339937.0,0.0,0.0,13149531.0,0.0,,,,,13149531.0,1.0,2026-05-20,11339937.0,-63,63,vencida_61-90
2026-04-15,2026-04-16,F,FEP72169,Premium Trading SAS,0,3630252.0,689747.0,4319999.0,0.0,2026-04-15,4.0,2026.0,0.0,NO,NO,,0.0,0.0,4319999.0,0.0,,,,,4319999.0,1.0,2026-05-11,0.0,-97,97,pagada
2026-04-17,2026-04-17,R,4024,Grupo Family & Home,0,1980000.0,0.0,1980000.0,60.0,2026-06-16,6.0,2026.0,0.0,SI,SI,,0.0,0.0,1980000.0,0.0,,,,,1980000.0,1.0,2026-06-19,0.0,-35,35,pagada
2026-04-17,2026-04-17,R,450,Grupo Family & Home,0,2815200.0,0.0,2815200.0,60.0,2026-06-16,6.0,2026.0,0.0,SI,SI,,0.0,0.0,2815200.0,0.0,,,,,2815200.0,1.0,2026-06-19,0.0,-35,35,pagada
2026-04-14,2026-04-19,F,DRY552587,Softys,0,9009209.0,1711750.0,10720959.0,60.0,2026-06-13,6.0,2026.0,0.0,SI,NO,270276.27,0.0,0.0,10450683.0,-0.27,,,,,10450683.0,4.0,2026-06-16,270276.0,-38,38,vencida_31-60
2026-04-13,2026-04-24,R,4007,Grupo Family & Home,0,696000.0,0.0,696000.0,60.0,2026-06-12,6.0,2026.0,0.0,SI,SI,,0.0,0.0,696000.0,0.0,,,,,696000.0,1.0,2026-06-19,0.0,-39,39,pagada
2026-04-23,2026-04-24,F,DRY553685,Softys,0,1206972.0,229325.0,1436297.0,60.0,2026-06-22,6.0,2026.0,0.0,SI,NO,36209.16,0.0,0.0,1400088.0,-0.16,,,,,1400088.0,2.0,2026-06-16,36209.0,-29,29,vencida_1-30
2026-04-16,2026-04-24,F,FE8588,Infantiles ABBA,0,3088110.0,586741.0,3674851.0,30.0,2026-05-16,5.0,2026.0,0.0,SI,NO,,77202.75,0.0,3597648.0,-0.05,,,,,3597648.0,1.0,2026-05-19,77203.0,-66,66,vencida_61-90
2026-04-16,2026-04-24,R,29888,Infantiles ABBA,0,3088110.0,0.0,3088110.0,30.0,2026-05-16,5.0,2026.0,0.0,SI,NO,,0.0,0.0,3088110.0,0.0,,,,,3088110.0,1.0,2026-05-29,0.0,-66,66,pagada
2026-04-21,2026-04-25,R,4029,Grupo Family & Home,0,3189600.0,0.0,3189600.0,60.0,2026-06-20,6.0,2026.0,0.0,SI,SI,,0.0,0.0,3189600.0,0.0,,,,,3189600.0,1.0,2026-06-19,0.0,-31,31,pagada
2026-04-21,2026-04-25,R,454,Grupo Family & Home,0,1836000.0,0.0,1836000.0,60.0,2026-06-20,6.0,2026.0,0.0,SI,SI,,0.0,0.0,1836000.0,0.0,,,,,1836000.0,1.0,2026-06-19,0.0,-31,31,pagada
2026-04-18,2026-04-24,F,CR1900060980,Roma SA,0,743918.0,141344.0,885262.0,45.0,2026-06-02,6.0,2026.0,0.0,NO,NO,74392.0,0.0,0.0,810870.0,0.0,,,,,810870.0,1.0,2026-06-01,74392.0,-49,49,vencida_31-60
2026-04-23,2026-04-29,F,BF786375,Tecnoquimicas,0,15355504.0,2863461.0,18218965.0,35.0,2026-05-28,5.0,2026.0,0.0,NO,NO,,0.0,0.0,18218965.0,0.0,,,,,18218965.0,1.0,2026-05-29,0.0,-54,54,pagada
2026-04-22,2026-04-30,F,FU800635171,Comercializadora Multidrogas,0,1869410.0,0.0,1869410.0,45.0,2026-06-06,6.0,2026.0,0.0,NO,NO,,0.0,0.0,1869410.0,0.0,,,,,1869410.0,4.0,2026-06-05,0.0,-45,45,pagada
2026-04-28,2026-04-30,F,DRY554519,Softys,0,28318717.0,5380556.0,33699273.0,60.0,2026-06-27,6.0,2026.0,0.0,SI,NO,849562.0,0.0,0.0,32849711.0,0.0,,,,,32849711.0,2.0,2026-07-04,849562.0,-24,24,vencida_1-30
2026-04-24,2026-04-30,F,FV10042932,Bivien,0,9057039.0,1720837.0,10777876.0,45.0,2026-06-08,6.0,2026.0,0.0,NO,NO,,0.0,0.0,10777876.0,0.0,,,,,10777876.0,1.0,2026-06-12,0.0,-43,43,pagada
2026-05-11,2026-05-18,F,FG10877,Laboratorio San Jorge SAS,0,12424943.0,396477.0,12821420.0,0.0,2026-05-11,5.0,2026.0,0.0,SI,SI,,310623.575,0.0,12510796.0,-0.07500000001,,,,,12510796.0,3.0,2026-05-27,310624.0,-71,71,vencida_61-90
2026-04-26,2026-05-06,F,BF795220,Tecnoquimicas,0,4804236.0,912804.0,5717040.0,35.0,2026-05-31,5.0,2026.0,0.0,NO,NO,,0.0,0.0,5717040.0,0.0,,,,,5717040.0,1.0,2026-06-01,0.0,-51,51,pagada
2026-04-30,2026-05-06,F,FV10043664,Bivien,0,15332810.0,2913234.0,18246044.0,45.0,2026-06-14,6.0,2026.0,0.0,NO,NO,,0.0,0.0,18246044.0,0.0,,,,,18246044.0,1.0,2026-06-20,0.0,-37,37,pagada
2026-05-05,2026-05-07,F,FE2882,Grupo Family & Home,0,3146218.0,597781.0,3743999.0,60.0,2026-07-04,7.0,2026.0,0.0,SI,SI,,78655.45,24225.8786,3641118.0,-0.3286,,,,,3641118.0,1.0,2026-07-02,102881.0,-17,17,vencida_1-30
2026-04-29,2026-05-08,F,FA6374,Armaty,0,1370936.0,260477.0,1631413.0,30.0,2026-05-29,5.0,2026.0,0.0,SI,NO,,34273.4,0.0,1597140.0,-0.4,,,,,1597140.0,1.0,2026-05-28,34273.0,-53,53,vencida_31-60
2026-05-05,2026-05-08,F,FE8634,Infantiles ABBA,0,6093650.0,1157793.0,7251443.0,30.0,2026-06-04,6.0,2026.0,0.0,SI,NO,,152341.25,0.0,7099102.0,-0.25,,,,,7099102.0,1.0,2026-06-04,152341.0,-47,47,vencida_31-60
2026-05-05,2026-05-08,R,29971,Infantiles ABBA,0,6093650.0,0.0,6093650.0,30.0,2026-06-04,6.0,2026.0,0.0,SI,NO,,0.0,0.0,6093650.0,0.0,,,,,6093650.0,1.0,2026-06-17,0.0,-47,47,pagada
2026-05-12,2026-05-13,F,BF811266,Tecnoquimicas,0,53319088.0,10048269.0,63367357.0,35.0,2026-06-16,6.0,2026.0,0.0,NO,NO,,0.0,0.0,63367357.0,0.0,,,,,63367357.0,2.0,2026-06-16,0.0,-35,35,pagada
2026-04-30,2026-05-13,F,FA6386,Armaty,0,992510.0,188577.0,1181087.0,30.0,2026-05-30,5.0,2026.0,0.0,SI,NO,,24812.75,0.0,1156274.0,-0.05,,,,,1156274.0,1.0,2026-05-28,24813.0,-52,52,vencida_31-60
2026-05-08,2026-05-13,F,FE27700,Farmadisa,0,2832336.0,538144.0,3370480.0,60.0,2026-07-07,7.0,2026.0,0.0,NO,NO,,0.0,0.0,3370480.0,0.0,,,,,3370480.0,1.0,2026-07-06,0.0,-14,14,pagada
2026-04-30,2026-05-13,R,6830,Forros para Coche,0,750000.0,0.0,750000.0,0.0,2026-04-30,4.0,2026.0,0.0,NO,NO,,0.0,0.0,750000.0,0.0,,,,,750000.0,1.0,,0.0,-82,82,pagada
2026-05-12,2026-05-14,F,FE1703,Grupo Family & Home,0,7714200.0,1465698.0,9179898.0,60.0,2026-07-11,7.0,2026.0,0.0,SI,SI,,192855.0,59399.34,8927644.0,-0.34,,,,,8927644.0,1.0,2026-07-02,252254.0,-10,10,vencida_1-30
2026-05-12,2026-05-14,F,FE2912,Grupo Family & Home,0,32747393.0,6222004.0,38969397.0,60.0,2026-07-11,7.0,2026.0,0.0,SI,SI,,818684.825,252154.9261,37898557.0,-0.05110000008,,,,,37898557.0,1.0,2026-07-08,1070840.0,-10,10,vencida_1-30
2026-04-30,2026-05-14,F,FV10043592,Bivien,0,22251351.0,4227756.0,26479107.0,45.0,2026-06-14,6.0,2026.0,0.0,NO,NO,,0.0,0.0,26479107.0,0.0,,,,,26479107.0,5.0,2026-06-27,0.0,-37,37,pagada
2026-04-23,2026-04-23,F,PK15856,Praktiplas,0,12364800.0,2349312.0,14714112.0,10.0,2026-05-03,5.0,2026.0,0.0,SI,NO,,309120.0,0.0,14404992.0,0.0,,,,,14404992.0,1.0,2026-05-22,309120.0,-79,79,vencida_61-90
2026-05-14,2026-05-18,F,FE8692,Infantiles ABBA,0,2661540.0,505692.0,3167232.0,30.0,2026-06-13,6.0,2026.0,0.0,SI,NO,,66538.5,0.0,3100694.0,-0.5,,,,,3100694.0,1.0,2026-06-16,66538.0,-38,38,vencida_31-60
2026-05-14,2026-05-18,R,30021,Infantiles ABBA,0,2661540.0,0.0,2661540.0,30.0,2026-06-13,6.0,2026.0,0.0,SI,NO,,0.0,0.0,2661540.0,0.0,,,,,2661540.0,1.0,2026-06-17,0.0,-38,38,pagada
2026-03-28,2026-03-31,F,FU800631053,Comercializadora Multidrogas,0,1868346.0,354985.0,2223331.0,45.0,2026-05-12,5.0,2026.0,0.0,NO,NO,,0.0,0.0,2223331.0,0.0,,,,,2223331.0,2.0,2026-05-20,0.0,-70,70,pagada
2026-03-27,2026-03-31,F,FU800630966,Comercializadora Multidrogas,0,3501060.0,489960.0,3991020.0,45.0,2026-05-11,5.0,2026.0,0.0,NO,NO,,0.0,0.0,3991020.0,0.0,,,,,3991020.0,2.0,2026-05-20,0.0,-71,71,pagada
2026-04-18,2026-04-30,F,CR1900060962,Roma SA,0,4427328.0,841192.0,5268520.0,45.0,2026-06-02,6.0,2026.0,0.0,NO,NO,442733.0,0.0,0.0,4825787.0,0.0,,,,,4825787.0,1.0,2026-06-01,442733.0,-49,49,vencida_31-60
2026-05-15,2026-05-23,F,FU800639410,Comercializadora Multidrogas,0,70748344.0,1022252.0,71770596.0,45.0,2026-06-29,6.0,2026.0,0.0,NO,NO,,0.0,0.0,71770596.0,0.0,,,,,71770596.0,3.0,2026-06-30,0.0,-22,22,pagada
2026-05-15,2026-05-24,F,FE8698,Infantiles ABBA,0,1005875.0,191116.0,1196991.0,30.0,2026-06-14,6.0,2026.0,0.0,SI,NO,,0.0,0.0,1196991.0,0.0,,,,,1196991.0,1.0,2026-06-16,0.0,-37,37,pagada
2026-05-15,2026-05-24,R,30033,Infantiles ABBA,0,1005875.0,0.0,1005875.0,30.0,2026-06-14,6.0,2026.0,0.0,SI,NO,,0.0,0.0,1005875.0,0.0,,,,,1005875.0,1.0,2026-07-01,0.0,-37,37,pagada
2026-05-21,2026-05-25,F,FV10045567,Bivien,0,9100593.0,1729112.0,10829705.0,45.0,2026-07-05,7.0,2026.0,0.0,NO,NO,,0.0,0.0,10829705.0,0.0,,,,,10829705.0,1.0,2026-07-09,0.0,-16,16,pagada
2026-05-21,2026-05-25,F,BF823118,Tecnoquimicas,0,32673592.0,6207982.0,38881574.0,35.0,2026-06-25,6.0,2026.0,0.0,NO,NO,,0.0,0.0,38881574.0,0.0,,,,,38881574.0,1.0,2026-06-26,0.0,-26,26,pagada
2026-04-27,2026-05-25,F,FECR199967,Distribuidora Extra SAS,0,2706899.0,514310.0,3221209.0,30.0,2026-05-27,5.0,2026.0,0.0,SI,NO,,67672.475,0.0,3153537.0,-0.475,,,,,3153537.0,1.0,2026-05-28,67672.0,-55,55,vencida_31-60
2026-04-27,2026-05-25,F,FECR199970,Distribuidora Extra SAS,0,1659067.0,315223.0,1974290.0,30.0,2026-05-27,5.0,2026.0,0.0,SI,NO,,41476.675,0.0,1932813.0,-0.075,,,,,1932813.0,1.0,2026-05-28,41477.0,-55,55,vencida_31-60
2026-05-25,2026-05-26,F,FE2952,Grupo Family & Home,FE2952,11379832.0,2162168.0,13542000.0,60.0,2026-07-24,7.0,2026.0,57.0,SI,SI,,284495.8,87624.7064,0.0,13169879.49,,,,,0.0,,,13542000.0,3,0,al_dia
2026-05-25,2026-05-26,F,FE1717,Grupo Family & Home,FE1717,2571400.0,488566.0,3059966.0,60.0,2026-07-24,7.0,2026.0,57.0,SI,SI,,64285.0,19799.78,0.0,2975881.22,,,,,0.0,,,3059966.0,3,0,al_dia
2026-05-25,2026-05-26,F,DRY557886,Softys,DRY557886,3582122.0,680603.0,4262725.0,60.0,2026-07-24,7.0,2026.0,57.0,SI,NO,,0.0,0.0,0.0,4262725.0,,,,,0.0,,,4262725.0,3,0,al_dia
2026-06-04,2026-06-09,F,FG11314,Laboratorio San Jorge SAS,0,4840336.0,919663.0,5759999.0,0.0,2026-06-04,6.0,2026.0,0.0,SI,SI,,121008.4,0.0,5638991.0,-0.4,,,,,5638991.0,1.0,2026-05-27,121008.0,-47,47,vencida_31-60
2026-05-28,2025-06-01,F,S1815,Tecnoquimicas,0,11082100.0,2105599.0,13187699.0,35.0,2026-07-02,7.0,2026.0,0.0,NO,NO,,0.0,0.0,13187699.0,0.0,,,,,13187699.0,1.0,2026-07-02,0.0,-19,19,pagada
2026-05-29,2026-06-01,F,FE27808,Farmadisa,FE27808,797940.0,151609.0,949549.0,60.0,2026-07-28,7.0,2026.0,53.0,NO,NO,,0.0,0.0,0.0,949549.0,,,,,0.0,,,949549.0,7,0,al_dia
2026-05-31,2026-06-02,F,S4787,Tecnoquimicas,0,17464560.0,3318266.0,20782826.0,36.0,2026-07-06,7.0,2026.0,0.0,NO,NO,,0.0,0.0,20782826.0,0.0,,,,,20782826.0,1.0,2026-07-06,0.0,-15,15,pagada
2026-05-23,2026-06-02,F,BF825274,Tecnoquimicas,0,17146734.0,3163232.0,20309966.0,38.0,2026-06-30,6.0,2026.0,0.0,NO,NO,,0.0,0.0,20309966.0,0.0,,,,,20309966.0,1.0,2026-06-30,0.0,-21,21,pagada
2026-05-29,2026-06-02,F,FE27806,Farmadisa,FE27806,3969093.0,754128.0,4723221.0,60.0,2026-07-28,7.0,2026.0,53.0,NO,NO,,0.0,0.0,0.0,4723221.0,,,,,0.0,,,4723221.0,7,0,al_dia
2026-05-29,2026-02-03,F,DRY558669,Softys,DRY558669,2417654.0,459354.0,2877008.0,60.0,2026-07-28,7.0,2026.0,53.0,SI,NO,,0.0,0.0,0.0,2877008.0,,,,,0.0,,,2877008.0,7,0,al_dia
2026-05-29,2026-02-03,F,DRY558670,Softys,DRY558670,30256955.0,5748821.0,36005776.0,60.0,2026-07-28,7.0,2026.0,53.0,SI,NO,,756423.875,0.0,0.0,35249352.13,,,,,0.0,,,36005776.0,7,0,al_dia
2026-05-26,2026-02-03,F,FE8730,Infantiles ABBA,0,4098620.0,778738.0,4877358.0,30.0,2026-06-25,6.0,2026.0,0.0,SI,NO,,102465.5,0.0,4774893.0,-0.5,,,,,4774893.0,1.0,2026-07-06,102465.0,-26,26,vencida_1-30
2026-05-26,2026-06-03,R,30079,Infantiles ABBA,0,4153870.0,0.0,4153870.0,30.0,2026-06-25,6.0,2026.0,0.0,SI,NO,,0.0,0.0,4153870.0,0.0,,,,,4153870.0,1.0,2026-07-01,0.0,-26,26,pagada
2026-06-04,2026-06-04,F,FE2999,Grupo Family & Home,FE2999,2359664.0,448336.0,2808000.0,60.0,2026-08-03,8.0,2026.0,47.0,SI,SI,,58991.6,18169.4128,0.0,2730838.987,,,,,0.0,,,2808000.0,13,0,al_dia
2026-03-18,,F,PK15704,Praktiplas,0,557760.0,105974.0,663734.0,10.0,2026-03-28,3.0,2026.0,0.0,SI,NO,,13944.0,0.0,649790.0,0.0,,,,,649790.0,1.0,2026-06-04,13944.0,-115,115,vencida_>90
2026-06-10,2026-06-11,F,FG11392,Laboratorio San Jorge SAS,0,7385311.0,750037.0,8135348.0,0.0,2026-06-10,6.0,2026.0,0.0,SI,SI,,184632.775,0.0,7950715.0,-0.07500000002,,,,,7950715.0,1.0,2026-06-05,184633.0,-41,41,vencida_31-60
2026-06-10,2026-06-11,F,S17723,Tecnoquimicas,0,45988714.0,8525394.0,54514108.0,35.0,2026-07-15,7.0,2026.0,0.0,NO,NO,,0.0,0.0,54514108.0,0.0,,,,,54514108.0,2.0,2026-07-15,0.0,-6,6,pagada
2026-05-29,2026-06-11,F,FU800641903,Comercializadora Multidrogas,0,11740410.0,0.0,11740410.0,45.0,2026-07-13,7.0,2026.0,0.0,NO,NO,,0.0,0.0,11740410.0,0.0,,,,,11740410.0,2.0,2026-07-14,0.0,-8,8,pagada
2026-06-06,2026-06-11,F,FEP72467,Premium Trading SAS,0,4840336.0,919664.0,5760000.0,0.0,2026-06-06,6.0,2026.0,0.0,NO,NO,,0.0,0.0,5760000.0,0.0,,,,,5760000.0,1.0,2026-07-02,0.0,-45,45,pagada
2026-05-30,2026-06-12,F,FV10046992,Bivien,FV10046992,90805279.0,17253003.0,108058282.0,60.0,2026-07-29,7.0,2026.0,52.0,NO,NO,,0.0,0.0,0.0,108058282.0,,,,,0.0,,,108058282.0,8,0,al_dia
2026-06-11,2026-06-14,F,BP401,Grupo Empresarial Bernal Hoyos SAS,BP401,22643853.0,4302332.0,26946185.0,60.0,2026-08-10,8.0,2026.0,40.0,SI,NO,,566096.325,0.0,0.0,26380088.68,,,,,0.0,,,26946185.0,20,0,al_dia
2026-06-18,2026-06-19,F,FG11511,Laboratorio San Jorge SAS,0,14799476.0,396477.0,15195953.0,0.0,2026-06-18,6.0,2026.0,0.0,SI,SI,,369986.9,0.0,14825966.0,-0.1,,,,,14825966.0,1.0,2026-06-16,369987.0,-33,33,vencida_31-60
2026-06-18,2026-06-22,F,CO374476,Option SA,0,2840880.0,0.0,2840880.0,0.0,2026-06-18,6.0,2026.0,0.0,NO,NO,,0.0,0.0,2840880.0,0.0,,,,,2840880.0,1.0,2026-06-18,0.0,-33,33,pagada
2026-05-25,2026-06-17,F,PK15995,Praktiplas,0,13881798.0,2637541.0,16519339.0,10.0,2026-06-04,6.0,2026.0,0.0,SI,NO,,347044.95,0.0,16172294.0,-0.15,,,,,16172294.0,1.0,2026-06-23,347045.0,-47,47,vencida_31-60
2026-05-25,2026-06-17,F,PK15994,Praktiplas,0,303600.0,57684.0,361284.0,10.0,2026-06-04,6.0,2026.0,0.0,SI,NO,,0.0,0.0,361284.0,0.0,,,,,361284.0,1.0,2026-06-23,0.0,-47,47,pagada
2026-06-09,2026-06-17,F,FE1741,Grupo Family & Home,FE1741,5142800.0,977132.0,6119932.0,60.0,2026-08-08,8.0,2026.0,42.0,SI,SI,,128570.0,39599.56,0.0,5951762.44,,,,,0.0,,,6119932.0,18,0,al_dia
2026-06-06,2026-06-17,F,FE3008,Grupo Family & Home,FE3008,6453781.0,1226218.0,7679999.0,60.0,2026-08-05,8.0,2026.0,45.0,SI,SI,,161344.525,49694.1137,0.0,7468960.361,,,,,0.0,,,7679999.0,15,0,al_dia
2026-06-12,2026-06-19,F,FA6598,Armaty,0,2583039.0,490777.0,3073816.0,30.0,2026-07-12,7.0,2026.0,0.0,SI,NO,218243.906,64575.975,0.0,2790996.0,-0.181,,,,,2790996.0,1.0,2026-07-15,282820.0,-9,9,vencida_1-30
2026-05-29,2026-06-25,F,PK16034,Praktiplas,0,2981529.0,566490.0,3548019.0,10.0,2026-06-08,6.0,2026.0,0.0,SI,NO,,74538.225,0.0,3473481.0,-0.225,,,,,3473481.0,1.0,2026-06-23,74538.0,-43,43,vencida_31-60
2026-06-18,2026-06-23,F,S26978,Tecnoquimicas,S26978,21603333.0,4104633.0,25707966.0,35.0,2026-07-23,7.0,2026.0,33.0,NO,NO,,0.0,0.0,0.0,25707966.0,,,,,0.0,,,25707966.0,2,0,al_dia
2026-06-22,2026-06-24,F,DRY561300,Softys,DRY561300,7086574.0,1346449.0,8433023.0,60.0,2026-08-21,8.0,2026.0,29.0,SI,NO,,177164.35,0.0,0.0,8255858.65,,,,,0.0,,,8433023.0,31,0,al_dia
2026-06-24,2026-06-24,F,FE24,Diseños y Puntadas,FE24,1264000.0,0.0,1264000.0,30.0,2026-07-24,7.0,2026.0,27.0,SI,NO,,31600.0,0.0,0.0,1232400.0,,,,,0.0,,,1264000.0,3,0,al_dia
2026-06-19,2026-06-24,F,FV10048713,Bivien,FV10048713,8272404.0,1571756.0,9844160.0,45.0,2026-08-03,8.0,2026.0,32.0,NO,NO,,0.0,0.0,0.0,9844160.0,,,,,0.0,,,9844160.0,13,0,al_dia
2026-06-23,2026-06-24,R,30187,Infantiles ABBA,30187,6597110.0,0.0,6597110.0,30.0,2026-07-23,7.0,2026.0,28.0,SI,NO,,0.0,0.0,0.0,6597110.0,,,,,0.0,,,6597110.0,2,0,al_dia
2026-06-23,2026-06-24,F,FE8824,Infantiles ABBA,FE8824,6597110.0,1253451.0,7850561.0,30.0,2026-07-23,7.0,2026.0,28.0,SI,NO,,164927.75,0.0,0.0,7685633.25,,,,,0.0,,,7850561.0,2,0,al_dia
2026-06-22,2026-06-25,F,FE1781,Grupo Family & Home,FE1781,6186496.0,1175434.0,7361930.0,60.0,2026-08-21,8.0,2026.0,29.0,SI,SI,,154662.4,47636.0192,0.0,7159631.581,,,,,0.0,,,7361930.0,31,0,al_dia
2026-06-22,2026-06-25,F,FE3036,Grupo Family & Home,FE3036,6156302.0,1169697.0,7325999.0,60.0,2026-08-21,8.0,2026.0,29.0,SI,SI,,153907.55,47403.5254,0.0,7124687.925,,,,,0.0,,,7325999.0,31,0,al_dia
2026-06-24,2026-06-25,F,FE1782,Grupo Family & Home,FE1782,7941090.0,1508807.0,9449897.0,60.0,2026-08-23,8.0,2026.0,27.0,SI,SI,,198527.25,61146.393,0.0,9190223.357,,,,,0.0,,,9449897.0,33,0,al_dia
2026-06-23,2026-06-25,F,FE27862,Farmadisa,FE27862,265980.0,50536.0,316516.0,60.0,2026-08-22,8.0,2026.0,28.0,NO,NO,,0.0,0.0,0.0,316516.0,,,,,0.0,,,316516.0,32,0,al_dia
2026-06-23,2026-06-25,F,FE27861,Farmadisa,FE27861,3207480.0,609421.0,3816901.0,60.0,2026-08-22,8.0,2026.0,28.0,NO,NO,,0.0,0.0,0.0,3816901.0,,,,,0.0,,,3816901.0,32,0,al_dia
2026-06-10,2026-06-25,F,PK16101,Praktiplas,0,12358400.0,2348096.0,14706496.0,10.0,2026-06-20,6.0,2026.0,0.0,SI,NO,,308960.0,0.0,14397536.0,0.0,,,,,14397536.0,1.0,2026-07-04,308960.0,-31,31,vencida_31-60
2026-06-26,2026-06-30,F,FE8840,Infantiles ABBA,FE8840,2311500.0,439185.0,2750685.0,30.0,2026-07-26,7.0,2026.0,25.0,SI,NO,,57787.5,0.0,0.0,2692897.5,,,,,0.0,,,2750685.0,5,0,al_dia
2026-06-26,2026-06-30,R,30198,Infantiles ABBA,30198,2311500.0,0.0,2311500.0,30.0,2026-07-26,7.0,2026.0,25.0,SI,NO,,0.0,0.0,0.0,2311500.0,,,,,0.0,,,2311500.0,5,0,al_dia
2026-06-24,2026-06-30,F,S34546,Tecnoquimicas,S34546,34506906.0,6438830.0,40945736.0,35.0,2026-07-29,7.0,2026.0,27.0,NO,NO,,0.0,0.0,0.0,40945736.0,,,,,0.0,,,40945736.0,8,0,al_dia
2026-06-26,2026-06-30,F,FV10049415,Bivien,FV10049415,12602406.0,2394457.0,14996863.0,45.0,2026-08-10,8.0,2026.0,25.0,NO,NO,,0.0,0.0,0.0,14996863.0,,,,,0.0,,,14996863.0,20,0,al_dia
2026-06-27,2026-06-30,F,DRY562103,Softys,DRY562103,12498213.0,2374660.0,14872873.0,60.0,2026-08-26,8.0,2026.0,24.0,SI,NO,,0.0,0.0,0.0,14872873.0,,,,,0.0,,,14872873.0,36,0,al_dia
2026-06-25,2026-06-30,F,FG11640,Laboratorio San Jorge SAS,0,8841009.0,1679791.0,10520800.0,0.0,2026-06-25,6.0,2026.0,0.0,SI,SI,,221025.225,0.0,10299775.0,-0.225,,,,,10299775.0,1.0,2026-06-24,221025.0,-26,26,vencida_1-30
2026-06-24,2026-06-30,R,6920,Forros para Coche,6920,1242000.0,0.0,1242000.0,0.0,2026-06-24,6.0,2026.0,27.0,NO,NO,,0.0,0.0,0.0,1242000.0,,,,,0.0,,,1242000.0,-27,27,vencida_1-30
2026-06-25,2026-06-30,F,FV10049289,Bivien,FV10049289,13137294.0,2496086.0,15633380.0,45.0,2026-08-09,8.0,2026.0,26.0,NO,NO,,0.0,0.0,0.0,15633380.0,,,,,0.0,,,15633380.0,19,0,al_dia
2026-06-28,2026-07-02,F,S42565,Tecnoquimicas,S42565,43133288.0,7911167.0,51044455.0,35.0,2026-08-02,8.0,2026.0,23.0,NO,NO,,0.0,0.0,0.0,51044455.0,,,,,0.0,,,51044455.0,12,0,al_dia
2026-06-24,2026-07-05,F,PK16159,Praktiplas,PK16159,18470528.0,3509400.0,21979928.0,10.0,2026-07-04,7.0,2026.0,27.0,SI,NO,,461763.2,0.0,0.0,21518164.8,,,,,0.0,,,21979928.0,-17,17,vencida_1-30
2026-07-04,2026-07-05,F,PK16211,Praktiplas,PK16211,10304000.0,1957760.0,12261760.0,10.0,2026-07-14,7.0,2026.0,17.0,SI,NO,,257600.0,0.0,0.0,12004160.0,,,,,0.0,,,12261760.0,-7,7,vencida_1-30
2026-06-28,2026-07-07,F,S41510,Tecnoquimicas,S41510,23381137.0,4268068.0,27649205.0,35.0,2026-08-02,8.0,2026.0,23.0,NO,NO,,0.0,0.0,0.0,27649205.0,,,,,0.0,,,27649205.0,12,0,al_dia
2026-07-07,2026-07-09,F,FG11819,Laboratorio San Jorge SAS,0,12558861.0,396482.0,12955343.0,0.0,2026-07-07,7.0,2026.0,0.0,SI,SI,,313971.525,0.0,12641371.0,-0.02500000002,,,,,12641371.0,1.0,2026-07-06,313972.0,-14,14,vencida_1-30
2026-07-08,2026-07-09,F,FE3131,Grupo Family & Home,FE3131,21710923.0,4125075.0,25835998.0,60.0,2026-09-06,9.0,2026.0,13.0,SI,SI,,542773.075,167174.1071,0.0,25126050.82,,,,,0.0,,,25835998.0,47,0,al_dia
2026-07-08,2026-07-09,F,FE1830,Grupo Family & Home,FE1830,1270586.0,241411.0,1511997.0,60.0,2026-09-06,9.0,2026.0,13.0,SI,SI,,31764.65,9783.5122,0.0,1470448.838,,,,,0.0,,,1511997.0,47,0,al_dia
2026-07-09,2026-07-10,F,S54409,Tecnoquimicas,S54409,23860738.0,4533540.0,28394278.0,35.0,2026-08-13,8.0,2026.0,12.0,NO,NO,,0.0,0.0,0.0,28394278.0,,,,,0.0,,,28394278.0,23,0,al_dia
2026-07-09,2026-07-14,F,FE8896,Infantiles ABBA,FE8896,5024990.0,954748.0,5979738.0,30.0,2026-08-08,8.0,2026.0,12.0,SI,NO,,125624.75,0.0,0.0,5854113.25,,,,,0.0,,,5979738.0,18,0,al_dia
2026-07-09,2026-07-14,R,30262,Infantiles ABBA,30262,5024990.0,0.0,5024990.0,30.0,2026-08-08,8.0,2026.0,12.0,SI,NO,,0.0,0.0,0.0,5024990.0,,,,,0.0,,,5024990.0,18,0,al_dia
2026-07-10,2026-07-14,F,FE25,Diseños y Puntadas,FE25,663860.0,126133.0,789993.0,30.0,2026-08-09,8.0,2026.0,11.0,SI,NO,,16596.5,0.0,0.0,773396.5,,,,,0.0,,,789993.0,19,0,al_dia
2026-07-10,2026-07-15,F,FE3173,Grupo Family & Home,FE3173,31033612.0,5896386.0,36929998.0,60.0,2026-09-08,9.0,2026.0,11.0,SI,SI,,775840.3,238958.8124,0.0,35915198.89,,,,,0.0,,,36929998.0,49,0,al_dia
2026-07-13,2026-07-15,F,S59507,Tecnoquimicas,S59507,13986743.0,2657481.0,16644224.0,35.0,2026-08-17,8.0,2026.0,8.0,NO,NO,,0.0,0.0,0.0,16644224.0,,,,,0.0,,,16644224.0,27,0,al_dia
2026-07-10,2026-07-20,F,FE8904,Infantiles ABBA,FE8904,4030245.0,765747.0,4795992.0,30.0,2026-08-09,8.0,2026.0,11.0,SI,NO,,100756.125,0.0,0.0,4695235.875,,,,,0.0,,,4795992.0,19,0,al_dia
2026-07-10,2026-07-20,R,30266,Infantiles ABBA,30266,4073145.0,0.0,4073145.0,30.0,2026-08-09,8.0,2026.0,11.0,SI,NO,,0.0,0.0,0.0,4073145.0,,,,,0.0,,,4073145.0,19,0,al_dia
